key,ar,de,en,es,fr,hi,hu,id,ja,ko,pt,ru,zh,zh_tw
adult,بالغ,Adult,Adult,Adulto,Adulte,वयस्क,Adult,Dewasa,成体,성체,Adulto,Взрослая особь,成体,成體
april,أبريل,April,Apr.,abril,avril,अप्रैल,április,April,4月,4월,abril,апрель,4月,4月
august,أغسطس,August,Aug.,agosto,août,अगस्त,augusztus,Agustus,8月,8월,agosto,август,8月,8月
chart_by_family,حسب الفصيلة,nach Familie,by Family,por familia,par famille,कुल के अनुसार,család szerint,berdasarkan famili,科別,과별,por família,по семействам,按科,按科
chart_by_order,حسب الرتبة,nach Ordnung,by Order,por orden,par ordre,क्रम के अनुसार,rend szerint,berdasarkan ordo,目別,목별,por ordem,по отрядам,按目,按目
chart_prefecture_axis,المحافظة,Präfektur,Prefecture,prefectura,préfecture,प्रिफेक्चर,prefektúra,prefektur,都道府県,현,prefeitura (Japão),префектура,都道府县,都道府縣
chart_ratio,النسبة (%),Anteil (%),Ratio(%),porcentaje (%),pourcentage (%),प्रतिशत (%),arány (%),persentase (%),割合(%),비율(%),percentagem (%),доля (%),比例（%）,比例（%）
chart_ratio_axis,النسبة (%),Anteil (%),Ratio(%),porcentaje (%),pourcentage (%),प्रतिशत (%),arány (%),persentase (%),割合(%),비율(%),percentagem (%),доля (%),比例（%）,比例（%）
chart_records,عدد السجلات,Anzahl der Nachweise,Number of Records,número de citas,nombre de signalements,प्रमाण-रिकॉर्डों की संख्या,előfordulási adatok száma,jumlah rekaman,記録数,출현 기록 수,número de ocorrências,число находок,出现记录数,出現紀錄數
chart_records_axis,السجلات,Nachweise,Records,citas,signalements,प्रमाण-रिकॉर्ड,előfordulási adatok,rekaman,記録数,출현 기록,ocorrências,находки,出现记录,出現紀錄
chart_species,عدد الأنواع,Anzahl der Arten,Number of Species,número de especies,nombre d’espèces,प्रजातियों की संख्या,fajok száma,jumlah spesies,種数,종 수,número de espécies,число видов,物种数,物種數
chart_species_axis,الأنواع,Arten,Species,especies,espèces,प्रजातियाँ,fajok,spesies,種数,종,espécies,виды,物种,物種
chart_tooltip_ratio,{val}% ({absCount} نوعًا),{val}% ({absCount} Arten),{val}% ({absCount} sp.),{val}% ({absCount} spp.),{val}% ({absCount} spp.),{val}% ({absCount} प्रजातियाँ),{val}% ({absCount} faj),{val}% ({absCount} sp.),{val}% ({absCount}種),{val}% ({absCount}종),{val}% ({absCount} spp.),{val}% ({absCount} видов),{val}%（{absCount} 种）,{val}%（{absCount} 種）
click_for_details,انقر للتفاصيل,Für Details klicken,Click for details,clic para ver detalles,cliquer pour les détails,विवरण के लिए क्लिक करें,Kattintson a részletekért,Klik untuk detail,クリックで詳細表示,자세히 보려면 클릭,clique para detalhes,Нажмите для подробностей,点击查看详情,點擊查看詳情
collection_date,تاريخ الجمع,Sammeldatum,Collection Date,fecha de recolección,date de collecte,संग्रह तिथि,Gyűjtés dátuma,tanggal pengambilan,採集日,채집일,data de coleta,Дата сбора,采集日期,採集日期
collection_month,شهر الجمع,Sammelmonat,Collection Month,mes de recolección,mois de collecte,संग्रह माह,Gyűjtés hónapja,bulan pengambilan,採集月,채집월,mês de coleta,Месяц сбора,采集月份,採集月份
collection_year,سنة الجمع,Sammeljahr,Collection Year,año de recolección,année de collecte,संग्रह वर्ष,Gyűjtés éve,tahun pengambilan,採集年,채집연도,ano de coleta,Год сбора,采集年份,採集年份
collector_en,الجامع (بالإنجليزية),Sammler (en),Collector (en),recolector (en),collecteur (en),संग्राहक (en),Gyűjtő (en),kolektor (en),採集者 (en),채집자(영문),coletor (en),Сборщик (en),采集者（en）,採集者（en）
collector_jp,الجامع (باليابانية),Sammler (jp),Collector (jp),recolector (jp),collecteur (jp),संग्राहक (jp),Gyűjtő (jp),kolektor (jp),採集者 (jp),채집자(일문),coletor (jp),Сборщик (jp),采集者（jp）,採集者（jp）
data,البيانات,Daten,Data,datos,données,डेटा,Adatok,data,データ,데이터,dados,Данные,数据,數据
december,ديسمبر,Dezember,Dec.,diciembre,décembre,दिसंबर,december,Desember,12月,12월,dezembro,декабрь,12月,12月
entered_by_on,أُدخِل بواسطة {name} بتاريخ {date},Eingetragen von {name} am {date},Entered by {name} on {date},introducido por {name} el {date},saisi par {name} le {date},{name} द्वारा {date} को दर्ज किया गया,{name} rögzítette ekkor: {date},Dimasukkan oleh {name} pada {date},"記入: {name}, {date}",{name}이(가) {date}에 입력,inserido por {name} em {date},Внесено {name} ({date}),由 {name} 于 {date} 录入,由 {name} 於 {date} 錄入
entry,إدخال,Eintrag,Entry,entrada,entrée,प्रविष्टि,Bejegyzés,entri,記入,입력,entrada,Запись,条目,條目
exclude_cited_records,استبعاد السجلات المُستشهَد بها,Zitierte Nachweise ausschließen,Exclude cited records,excluir citas bibliográficas,exclure les signalements cités,उद्धृत प्रमाण-रिकॉर्डों को बाहर करें,Hivatkozott előfordulási adatok kizárása,kecualikan rekaman yang disitasi,引用記録を除外,인용된 출현 기록 제외,excluir ocorrências citadas,Исключить цитированные находки,排除被引用的出现记录,排除被引用的出現紀錄
exclude_questionable_records,استبعاد السجلات المشكوك فيها,Zweifelhafte Nachweise ausschließen,Exclude questionable records,excluir citas dudosas,exclure les signalements douteux,संदिग्ध प्रमाण-रिकॉर्डों को बाहर करें,Kétséges előfordulási adatok kizárása,kecualikan rekaman yang meragukan,疑わしい記録を除外,의심 출현 기록 제외,excluir ocorrências duvidosas,Исключить сомнительные находки,排除存疑出现记录,排除存疑出現紀錄
exclude_records_without_species_identification,استبعاد السجلات غير المحددة النوع,Nachweise ohne Artbestimmung ausschließen,Exclude records without species identification,excluir citas sin identificación de especie,exclure les signalements sans identification spécifique,प्रजाति-निर्धारण के बिना प्रमाण-रिकॉर्डों को बाहर करें,Fajazonosítás nélküli előfordulási adatok kizárása,kecualikan rekaman tanpa identifikasi spesies,種同定されていない記録を除外,종 미동정 출현 기록 제외,excluir ocorrências sem identificação de espécie,Исключить находки без видового определения,排除未鉴定至物种的出现记录,排除未鑑定至物種的出現紀錄
exclude_undescribed_species,استبعاد الأنواع غير الموصوفة,Unbeschriebene Arten ausschließen,Exclude undescribed species,excluir especies no descritas,exclure les espèces non décrites,अवर्णित प्रजातियों को बाहर करें,Leíratlan fajok kizárása,kecualikan spesies yang belum dideskripsikan,未記載種を除外,미기재종 제외,excluir espécies não descritas,Исключить неописанные виды,排除未描述物种,排除未描述物種
exclude_unpublished_data,استبعاد البيانات غير المنشورة,Unveröffentlichte Daten ausschließen,Exclude unpublished data,excluir datos no publicados,exclure les données non publiées,अप्रकाशित डेटा को बाहर करें,Kiadatlan adatok kizárása,kecualikan data yang belum dipublikasikan,未公表データを除外,미출판 데이터 제외,excluir dados não publicados,Исключить неопубликованные данные,排除未发表数据,排除未發表數据
family,الفصيلة,Familie,Family,familia,famille,कुल,Család,famili,科,과,família,Семейство,科,科
february,فبراير,Februar,Feb.,febrero,février,फ़रवरी,február,Februari,2月,2월,fevereiro,февраль,2月,2月
filter,تصفية,Filter,Filter,filtro,filtrer,फ़िल्टर,Szűrő,filter,フィルター,필터,filtro,Фильтр,筛选,篩選
heading,توزيع ثنائيات الأرجل اليابانية (قيد الإنشاء),Verbreitung japanischer Diplopoden (im Aufbau),Distribution of Japanese Millipede (under construction),distribución de los diplópodos japoneses (en construcción),répartition des diplopodes du Japon (en construction),जापान के डिप्लोपोडा का वितरण (निर्माणाधीन),A japán diplopodák elterjedése (készül),Sebaran Diplopoda Jepang (dalam pengerjaan),日本産ヤスデ類の分布 (作成中)<br>Distribution of Japanese Millipede (under construction),일본산 Diplopoda 분포(구축 중),distribuição de Diplopoda do Japão (em construção),Распространение японских Diplopoda (в разработке),日本 Diplopoda 分布（建设中）,日本 Diplopoda 分布（建設中）
include_year,تضمين السنة,Jahr einbeziehen,Include Year,incluir año,inclure l’année,वर्ष शामिल करें,Év belefoglalása,sertakan tahun,含める年,연도 포함,incluir ano,Включить год,包含年份,包含年份
island,الجزيرة,Insel,Island,isla,île,द्वीप,Sziget,pulau,島嶼,섬,ilha,остров,岛屿,島嶼
january,يناير,Januar,Jan.,enero,janvier,जनवरी,január,Januari,1月,1월,janeiro,январь,1月,1月
july,يوليو,Juli,Jul.,julio,juillet,जुलाई,július,Juli,7月,7월,julho,июль,7月,7月
june,يونيو,Juni,Jun.,junio,juin,जून,június,Juni,6月,6월,junho,июнь,6月,6月
juvenile_unknown,يافع / غير معروف,Juvenil / unbekannt,Juvenile / Unknown,juvenil / desconocido,juvénile / inconnu,किशोर / अज्ञात,Juvenilis / ismeretlen,juvenil / tidak diketahui,幼体 / 不明,미성숙/불명,juvenil / desconhecido,Ювенильная / неизвестно,幼体／未知,幼體／未知
legend_doubtful_literature,سجل مشكوك فيه,Zweifelhafter Literaturnachweis,Doubtful record,cita bibliográfica dudosa,signalement bibliographique douteux,संदिग्ध साहित्य-प्रमाण-रिकॉर्ड,Kétséges irodalmi adat,rekaman literatur yang meragukan,疑わしい記録,의심 문헌 출현 기록,ocorrência bibliográfica duvidosa,Сомнительная литературная находка,存疑文献出现记录,存疑文獻出現紀錄
legend_doubtful_literature_tooltip,سجل مشكوك فيه: لا تشمل هذه الفئة حالات الخطأ الواضح في التعريف فحسب، بل تشمل أيضًا السجلات محلّ الشك. كما تتضمن حالات كان فيها المُشخِّص نفسه قد أخطأ في تعريف النوع نفسه في منشورات أخرى، أو كانت السجلات بعيدة عن أي مواقع مؤكدة، أو كانت موثوقية المُشخِّص عمومًا منخفضة بشكل ملحوظ.,"Zweifelhafter Nachweis: In dieser Kategorie sind nicht nur eindeutige Fehlbestimmungen, sondern auch fragliche Nachweise enthalten. Sie umfasst auch Fälle, in denen derselbe Bestimmer dieselbe Art in anderen Publikationen fehlbestimmt hat, in denen der Nachweis weit von bestätigten Vorkommen entfernt ist oder in denen die allgemeine Zuverlässigkeit des Bestimmers auffallend gering ist.","Doubtful record: Not only clear misidentifications but also questionable records are included. This category also encompasses cases where the same identifier has misidentified the same species in other publications, where the record is far from any confirmed occurrences, or where the identifier's overall reliability is notably low.","Cita dudosa: esta categoría incluye no solo identificaciones claramente erróneas, sino también citas cuestionables. También abarca casos en los que el mismo identificador ha identificado erróneamente la misma especie en otras publicaciones, en los que la cita está muy alejada de cualquier ocurrencia confirmada, o en los que la fiabilidad general del identificador es notablemente baja.","Signalement douteux : cette catégorie inclut non seulement des identifications manifestement erronées, mais aussi des signalements discutables. Elle comprend également les cas où le même identificateur a mal identifié la même espèce dans d’autres publications, où le signalement est éloigné de toute occurrence confirmée, ou où la fiabilité globale de l’identificateur est particulièrement faible.","संदिग्ध प्रमाण-रिकॉर्ड: इस श्रेणी में केवल स्पष्ट गलत पहचान ही नहीं, बल्कि संदिग्ध प्रमाण-रिकॉर्ड भी शामिल हैं। इसमें वे मामले भी आते हैं जहाँ उसी पहचानकर्ता ने अन्य प्रकाशनों में उसी प्रजाति की गलत पहचान की हो, जहाँ प्रमाण-रिकॉर्ड किसी भी पुष्टि-शुदा उपस्थिति से बहुत दूर हो, या जहाँ पहचानकर्ता की समग्र विश्वसनीयता उल्लेखनीय रूप से कम हो।","Kétséges előfordulási adat: ebbe a kategóriába nemcsak a nyilvánvaló téves azonosítások, hanem a megkérdőjelezhető előfordulási adatok is tartoznak. Ide soroljuk azokat az eseteket is, amikor ugyanaz a határozó más közleményekben is tévesen határozta meg ugyanazt a fajt, amikor az adat messze esik minden megerősített előfordulástól, vagy amikor a határozó általános megbízhatósága feltűnően alacsony.","Rekaman meragukan: kategori ini mencakup bukan hanya salah identifikasi yang jelas, tetapi juga rekaman yang dipertanyakan. Ini juga mencakup kasus ketika pengidentifikasi yang sama salah mengidentifikasi spesies yang sama dalam publikasi lain, ketika rekaman berada jauh dari kemunculan yang telah dikonfirmasi, atau ketika reliabilitas keseluruhan pengidentifikasi sangat rendah.",疑わしい記録：明確な誤同定だけでなく、疑わしい記録も含みます。同一の同定者が別の出版物で同じ種を誤同定していたり、確かな記録から離れている場合、同定者の同定精度が著しく低い場合もこのカテゴリーに含まれます。,"의심 출현 기록: 이 범주에는 명백한 오동정뿐 아니라 신뢰가 의심되는 기록도 포함됩니다. 또한 동일한 동정자가 다른 출판물에서 같은 종을 반복적으로 오동정한 경우, 해당 기록이 확인된 분포로부터 현저히 떨어진 경우, 또는 동정자의 전반적 신뢰성이 특히 낮은 경우도 포함됩니다.","Ocorrência duvidosa: esta categoria inclui não apenas identificações claramente incorretas, mas também ocorrências questionáveis. Ela também abrange casos em que o mesmo identificador identificou incorretamente a mesma espécie em outras publicações, em que a ocorrência está muito distante de quaisquer ocorrências confirmadas ou em que a confiabilidade geral do identificador é notavelmente baixa.","Сомнительная находка: в эту категорию включены не только явные ошибочные определения, но и сомнительные сведения. Сюда также относятся случаи, когда тот же определитель ошибочно определял тот же вид в других публикациях, когда находка сильно удалена от подтверждённых местонахождений или когда общая надёжность определителя заметно низка.",存疑出现记录：本类别不仅包括明显的误鉴定，也包括可疑记录。还包括以下情况：同一鉴定者在其他出版物中曾对同一物种作出误鉴定；该记录与任何已确认的出现地点相距甚远；或鉴定者总体可信度显著偏低。,存疑出現紀錄：本類別不仅包括明顯的誤鑑定，也包括可疑紀錄。还包括以下情况：同一鑑定者在其他出版物中曾對同一物種作出誤鑑定；该紀錄與任何已確認的出現地點相距甚遠；或鑑定者總體可信度顯著偏低。
legend_doubtful_synonymized_type,موقع نمطي مشكوك فيه لنوع مُرادَف,Zweifelhafte Typuslokalität einer synonymisierten Art,Doubtful type locality of synonymized species,localidad tipo dudosa de una especie sinonimizada,localité-type douteuse d’une espèce synonymisée,समरूपीकरण (synonymized) की गई प्रजाति की संदिग्ध टाइप लोकैलिटी,Szinonimizált faj kétséges típusterülete,lokalitas tipe yang meragukan dari spesies yang disinonimkan,統合された種の疑わしいタイプ産地,동의어화된 종의 의심 모식산지,localidade-tipo duvidosa de espécie sinonimizada,Сомнительная типовая местность синонимизированного вида,同物异名化物种的存疑模式产地,同物异名化物種的存疑模式產地
legend_doubtful_synonymized_type_tooltip,موقع نمطي مشكوك فيه لنوع مُرادَف: موقع نمطي لنوع كان يُعامل سابقًا كنوع مستقل ثم اعتُبر لاحقًا غير صالح أو دُمج، مع وجود شكوك حوله.,"Zweifelhafte Typuslokalität einer synonymisierten Art: Die Typuslokalität einer früher als eigenständig behandelten Art, die inzwischen als ungültig gilt oder zusammengeführt wurde und deren Richtigkeit bezweifelt wird.","Doubtful type locality of synonymized species: A previously separate species type locality now considered invalid or merged, with doubts.","localidad tipo dudosa de una especie sinonimizada: la localidad tipo de una especie que antes se consideraba separada y que ahora se considera inválida o fusionada, con dudas.","Localité-type douteuse d’une espèce synonymisée : localité-type d’une espèce auparavant considérée distincte, désormais jugée invalide ou fusionnée, et dont l’exactitude est mise en doute.","समरूपीकरण (synonymized) की गई प्रजाति की संदिग्ध टाइप लोकैलिटी: किसी पूर्व में अलग मानी गई प्रजाति की टाइप लोकैलिटी, जिसे अब अमान्य या विलयित माना जाता है, और जिसके बारे में संदेह है।","Szinonimizált faj kétséges típusterülete: egy korábban külön fajként kezelt taxon típusterülete, amelyet ma érvénytelennek vagy összevontnak tekintenek, és amelynek helyessége kétséges.","Lokalitas tipe yang meragukan dari spesies yang disinonimkan: lokalitas tipe dari spesies yang sebelumnya diperlakukan sebagai spesies terpisah, kini dianggap tidak valid atau digabung, dan diragukan kebenarannya.",統合された種の疑わしいタイプ産地：現在、有効とは見なされていないものの、過去には別の種として扱われていた種の疑わしいタイプ産地です。,"동의어화된 종의 의심 모식산지: 과거에는 별개의 종으로 취급되었으나 현재는 무효로 간주되거나 다른 종과 통합된 종의 모식산지로, 그 정확성에 의문이 있는 경우를 말합니다.","Localidade-tipo duvidosa de espécie sinonimizada: uma localidade-tipo de uma espécie anteriormente tratada como separada, agora considerada inválida ou fundida, com dúvidas.","Сомнительная типовая местность синонимизированного вида: типовая местность ранее самостоятельного вида, ныне признанного недействительным или сведённого в синонимы, корректность которой вызывает сомнения.",同物异名化物种的存疑模式产地：原先作为独立物种处理、现已被认为无效或并入他种的物种之模式产地，其准确性存疑。,同物异名化物種的存疑模式產地：原先作為独立物種處理、現已被認為無效或並入他種的物種之模式產地，其准確性存疑。
legend_doubtful_type,موقع نمطي مشكوك فيه,Zweifelhafte Typuslokalität,Doubtful type locality,localidad tipo dudosa,localité-type douteuse,संदिग्ध टाइप लोकैलिटी,Kétséges típusterület,lokalitas tipe yang meragukan,疑わしいタイプ産地,의심 모식산지,localidade-tipo duvidosa,Сомнительная типовая местность,存疑模式产地,存疑模式產地
legend_doubtful_type_tooltip,موقع نمطي مشكوك فيه: موقع وُصف بأنه موقع نمطي، لكنه يُعد الآن على الأرجح خاطئًا.,"Zweifelhafte Typuslokalität: Eine als Typuslokalität angegebene Lokalität, die heute wahrscheinlich als fehlerhaft angesehen wird.","Doubtful type locality: A locality described as a type locality, but which is now considered likely to be erroneous.","localidad tipo dudosa: una localidad descrita como localidad tipo, pero que ahora se considera probablemente errónea.","Localité-type douteuse : localité décrite comme localité-type, mais aujourd’hui considérée comme probablement erronée.","संदिग्ध टाइप लोकैलिटी: वह स्थान जिसे टाइप लोकैलिटी बताया गया था, पर जिसे अब संभवतः त्रुटिपूर्ण माना जाता है।","Kétséges típusterület: típusterületként megadott hely, amelyet ma valószínűleg tévesnek tartanak.","Lokalitas tipe yang meragukan: suatu lokalitas yang dideskripsikan sebagai lokalitas tipe, tetapi kini dianggap kemungkinan keliru.",疑わしいタイプ産地：タイプ産地とされたものの、実際には誤りの可能性が高いと考えられる産地です。,의심 모식산지: 모식산지로 기재되었으나 현재는 오류일 가능성이 높은 지역입니다.,"Localidade-tipo duvidosa: uma localidade descrita como localidade-tipo, mas que agora é considerada provavelmente errônea.","Сомнительная типовая местность: местность, указанная как типовая, но ныне считающаяся вероятно ошибочной.",存疑模式产地：被描述为模式产地但现被认为很可能有误的地点。,存疑模式產地：被描述為模式產地但現被認為很可能有誤的地點。
legend_literature_record,سجل من الأدبيات,Literaturnachweis,Literature record,cita bibliográfica,signalement bibliographique,साहित्य-प्रमाण-रिकॉर्ड,Irodalmi adat,rekaman literatur,文献記録,문헌 출현 기록,ocorrência bibliográfica,Литературная находка,文献出现记录,文獻出現紀錄
legend_literature_record_tooltip,سجل من الأدبيات: سجل منشور في الأدبيات العلمية، باستثناء سجلات العينات. قد تتضمن هذه السجلات حالات تفتقر إلى أدلة داعمة كافية، وقد يُعاد تصنيف بعضها كسجلات مشكوك فيها مستقبلًا.,"Literaturnachweis: Ein in der Literatur veröffentlichter Nachweis, ausgenommen Belegexemplar-Nachweise. Er kann Angaben enthalten, die nicht ausreichend belegt sind; einige könnten künftig als zweifelhaft eingestuft werden.","Literature record: A record published in the literature, excluding specimen records. These may include records lacking sufficient supporting evidence, and some may be reclassified as questionable in the future.","Cita bibliográfica: una cita publicada en la literatura, excluyendo las citas basadas en especímenes. Puede incluir citas sin evidencia de apoyo suficiente, y algunas podrían reclasificarse como dudosas en el futuro.","Signalement bibliographique : signalement publié dans la littérature, à l’exclusion des signalements basés sur des spécimens. Il peut inclure des signalements insuffisamment étayés, et certains pourraient être reclassés comme douteux à l’avenir.","साहित्य-प्रमाण-रिकॉर्ड: साहित्य में प्रकाशित प्रमाण-रिकॉर्ड, नमूना-आधारित रिकॉर्डों को छोड़कर। इनमें पर्याप्त सहायक प्रमाण के बिना प्रमाण-रिकॉर्ड शामिल हो सकते हैं, और कुछ को भविष्य में संदिग्ध के रूप में पुनर्वर्गीकृत किया जा सकता है।","Irodalmi adat: a szakirodalomban közölt előfordulási adat, a példányalapú előfordulási adatok kivételével. Tartalmazhat nem kellően alátámasztott előfordulási adatokat, és egyesek a jövőben kétségesnek minősülhetnek.","Rekaman literatur: rekaman yang dipublikasikan dalam literatur, tidak termasuk rekaman berbasis spesimen. Ini dapat mencakup rekaman tanpa bukti pendukung yang memadai, dan sebagian dapat direklasifikasi sebagai meragukan di masa depan.",文献記録：標本記録を除く、文献に掲載された記録です。証拠が十分ではない記録も含まれており、一部の記録は将来、疑わしい記録に変わる可能性があります。,"문헌 출현 기록: 표본 기반 출현 기록을 제외하고 문헌에 출판된 출현 기록입니다. 충분한 근거가 없는 출현 기록이 포함될 수 있으며, 일부는 향후 의심 출현 기록으로 재분류될 수 있습니다.","Ocorrência bibliográfica: uma ocorrência publicada na literatura, excluindo ocorrências de espécimes. Pode incluir ocorrências sem evidência de suporte suficiente, e algumas podem ser reclassificadas como duvidosas no futuro.","Литературная находка: сведения, опубликованные в литературе, за исключением находок по экземплярам. Такие сведения могут быть недостаточно обоснованными, и некоторые из них в будущем могут быть переквалифицированы как сомнительные.",文献出现记录：文献中发表的出现记录（不含标本出现记录）。其中可能包含证据不足的出现记录，部分出现记录未来可能被重新归类为存疑。,文獻出現紀錄：文獻中發表的出現紀錄（不含標本出現紀錄）。其中可能包含證据不足的出現紀錄，部分出現紀錄未來可能被重新归類為存疑。
legend_marker_types,أنواع العلامات,Markertypen,Marker Types,tipos de marcadores,types de marqueurs,चिन्ह (मार्कर) के प्रकार,Jelölőtípusok,jenis penanda,マーカーの種類,마커 유형,tipos de marcadores,Типы маркеров,标记类型,標記類型
legend_specimen,سجل عيّنة,Belegexemplar-Nachweis,Specimen record,cita de espécimen,signalement basé sur un spécimen,नमूना-आधारित रिकॉर्ड,Példányalapú előfordulási adat,rekaman berbasis spesimen,標本記録,표본 기반 출현 기록,ocorrência baseada em espécime,Находка по экземпляру,标本出现记录,標本出現紀錄
legend_specimen_tooltip,سجل عيّنة: سجل يتحمل منشئو قاعدة البيانات مسؤوليته. ويشمل ذلك تحديدًا السجلات القائمة على عينات تمت ملاحظتها بواسطة منشئي هذه القاعدة أو بواسطة مؤلفين مشاركين في منشورات مشتركة.,"Belegexemplar-Nachweis: Ein Nachweis, für den die Ersteller dieser Datenbank Verantwortung übernehmen. Dazu gehören insbesondere Nachweise, die auf Exemplaren beruhen, die von den Erstellern der Datenbank oder von Mitautoren gemeinsamer Publikationen untersucht wurden.","Specimen record: A record for which the creators of this database take responsibility. Specifically, this includes records based on specimens observed by the database creators or by coauthors of joint publications.","Cita de espécimen: una cita de la que se responsabilizan los creadores de esta base de datos. En concreto, incluye citas basadas en especímenes examinados por los creadores de la base de datos o por coautores de publicaciones conjuntas.",Signalement basé sur un spécimen : signalement dont les créateurs de cette base assument la responsabilité. Il inclut en particulier les signalements fondés sur des spécimens examinés par les créateurs de la base ou par des co-auteurs de publications conjointes.,"नमूना-आधारित रिकॉर्ड: ऐसा रिकॉर्ड जिसकी जिम्मेदारी इस डेटाबेस के निर्माताओं द्वारा ली जाती है। विशेष रूप से, इसमें वे प्रमाण-रिकॉर्ड शामिल हैं जो निर्माताओं या संयुक्त प्रकाशनों के सह-लेखकों द्वारा देखे/जाँचे गए नमूनों पर आधारित हैं।","Példányalapú előfordulási adat: olyan előfordulási adat, amelyért az adatbázis készítői felelősséget vállalnak. Ide tartoznak különösen azok az előfordulási adatok, amelyek az adatbázis készítői vagy közös publikációk társszerzői által vizsgált példányokon alapulnak.","Rekaman berbasis spesimen: rekaman yang menjadi tanggung jawab para pembuat basis data ini. Secara khusus, ini mencakup rekaman yang didasarkan pada spesimen yang diamati oleh pembuat basis data atau oleh rekan penulis publikasi bersama.",標本記録：本データベースの作成者が責任をもつ記録です。具体的には、データベースの作成者が標本を観察した記録と、共著論文の著者が標本を観察した記録が含まれます。,표본 기반 출현 기록: 이 데이터베이스의 작성자가 책임을 지는 출현 기록입니다. 구체적으로는 데이터베이스 작성자 또는 공동 출판물의 공저자가 관찰·검토한 표본에 근거한 출현 기록을 포함합니다.,"Ocorrência baseada em espécime: uma ocorrência pela qual os criadores deste banco de dados assumem responsabilidade. Em particular, inclui ocorrências baseadas em espécimes observados pelos criadores do banco de dados ou por coautores de publicações conjuntas.","Находка по экземпляру: находка, за которую составители этой базы данных несут ответственность. В частности, сюда относятся находки, основанные на экземплярах, изученных составителями базы данных или соавторами совместных публикаций.",标本出现记录：由本数据库创建者承担责任的出现记录。具体而言，包括基于数据库创建者或共同发表论文的合作者所观察／检视之标本的出现记录。,標本出現紀錄：由本數据库创建者承担责任的出現紀錄。具體而言，包括基於數据库创建者或共同發表论文的合作者所觀察／检视之標本的出現紀錄。
legend_synonymized_type,الموقع النمطي لنوع مُرادَف,Typuslokalität einer synonymisierten Art,Type locality of synonymized species,localidad tipo de una especie sinonimizada,localité-type d’une espèce synonymisée,समरूपीकरण (synonymized) की गई प्रजाति की टाइप लोकैलिटी,Szinonimizált faj típusterülete,lokalitas tipe dari spesies yang disinonimkan,統合された種のタイプ産地,동의어화된 종의 모식산지,localidade-tipo de espécie sinonimizada,Типовая местность синонимизированного вида,同物异名化物种的模式产地,同物异名化物種的模式產地
legend_synonymized_type_tooltip,الموقع النمطي لنوع مُرادَف: الموقع النمطي لنوع لم يعد يُعد صالحًا، لكنه كان يُعامل سابقًا كنوع مستقل.,"Typuslokalität einer synonymisierten Art: Die Typuslokalität einer Art, die nicht mehr als gültig angesehen wird, aber früher als eigenständige Art behandelt wurde.","Type locality of synonymized species: A type locality of a species that is no longer considered valid, but was previously treated as a separate species.","localidad tipo de una especie sinonimizada: la localidad tipo de una especie que ya no se considera válida, pero que anteriormente se trataba como una especie separada.","Localité-type d’une espèce synonymisée : localité-type d’une espèce qui n’est plus considérée valide, mais qui a été auparavant traitée comme une espèce distincte.","समरूपीकरण (synonymized) की गई प्रजाति की टाइप लोकैलिटी: ऐसी प्रजाति की टाइप लोकैलिटी जिसे अब वैध नहीं माना जाता, लेकिन पहले उसे अलग प्रजाति के रूप में माना जाता था।","Szinonimizált faj típusterülete: egy ma már nem tekintett érvényes faj típusterülete, amelyet korábban külön fajként kezeltek.","Lokalitas tipe dari spesies yang disinonimkan: lokalitas tipe dari spesies yang tidak lagi dianggap valid, tetapi sebelumnya diperlakukan sebagai spesies terpisah.",統合された種のタイプ産地：現在、有効とは見なされていないものの、過去には別種として扱われていた種のタイプ産地です。,동의어화된 종의 모식산지: 현재는 유효종으로 간주되지 않지만 과거에는 별개의 종으로 취급되었던 종의 모식산지입니다.,"Localidade-tipo de espécie sinonimizada: a localidade-tipo de uma espécie que não é mais considerada válida, mas que anteriormente era tratada como uma espécie separada.","Типовая местность синонимизированного вида: типовая местность вида, который больше не считается действительным, но ранее рассматривался как отдельный вид.",同物异名化物种的模式产地：现已不再被认为有效、但曾作为独立物种处理的物种之模式产地。,同物异名化物種的模式產地：現已不再被認為有效、但曾作為独立物種處理的物種之模式產地。
legend_type,الموقع النمطي,Typuslokalität,Type locality,localidad tipo,localité-type,टाइप लोकैलिटी,Típusterület,lokalitas tipe,タイプ産地,모식산지,localidade-tipo,Типовая местность,模式产地,模式產地
legend_type_tooltip,الموقع النمطي: المكان الذي جُمعت فيه العيّنة التي تُعد معيارًا لنوعٍ ما (العيّنة النمطية).,"Typuslokalität: Der Ort, an dem das nomenklatorisch maßgebliche Exemplar (Typusexemplar) gesammelt wurde.",Type locality: The place where the specimen serving as the standard for a species (type specimen) was collected.,localidad tipo: el lugar donde se recolectó el espécimen que sirve como estándar para una especie (espécimen tipo).,Localité-type : lieu où le spécimen servant de référence nomenclaturale pour une espèce (spécimen-type) a été collecté.,टाइप लोकैलिटी: वह स्थान जहाँ किसी प्रजाति के मानक के रूप में प्रयुक्त नमूना (टाइप नमूना) एकत्र किया गया था।,"Típusterület: az a hely, ahol a faj etalonjaként szolgáló példányt (típuspéldányt) gyűjtötték.",Lokalitas tipe: tempat spesimen yang menjadi standar bagi suatu spesies (spesimen tipe) dikoleksi.,タイプ産地：種の基準となる標本が採集された場所です。,모식산지: 한 종의 기준이 되는 표본(모식표본)이 채집된 장소입니다.,Localidade-tipo: o local onde o espécime que serve como padrão para uma espécie (espécime-tipo) foi coletado.,"Типовая местность: место, где был собран экземпляр, служащий стандартом для вида (типовой экземпляр).",模式产地：作为物种命名标准的标本（模式标本）被采集的地点。,模式產地：作為物種命名標准的標本（模式標本）被採集的地點。
lifestage,طور الحياة,Entwicklungsstadium,Life Stage,estadio de vida,stade de vie,जीवन अवस्था,Életstádium,tahap kehidupan,ライフステージ,발육 단계,estágio de vida,Стадия развития,生活史阶段,生活史阶段
literature,الأدبيات,Literatur,Literature,bibliografía,littérature,साहित्य,Szakirodalom,literatur,文献,문헌,literatura,Литература,文献,文獻
location,الموقع,Ort,Location,localidad,localité,स्थान,Hely,lokasi,採集地,위치,localidade,Местоположение,地点,地點
locations,المواقع,Orte,Locations,localidades,localités,स्थानों,Helyek,lokasi-lokasi,地点数,위치,localidades,Местоположения,地点,地點
map_attribution,تم إنشاؤه عبر معالجة بيانات من <a href='https://nlftp.mlit.go.jp/ksj/' target='_blank'>خدمة تنزيل معلومات مرجع المواقع</a> (وزارة الأراضي والبنية التحتية والنقل والسياحة).,Erstellt durch Verarbeitung von Daten aus dem <a href='https://nlftp.mlit.go.jp/ksj/' target='_blank'>Location Reference Information Download Service</a> (MLIT).,Created by processing data from <a href='https://nlftp.mlit.go.jp/ksj/' target='_blank'>Location Reference Information Download Service</a> (MLIT).,Creado mediante el procesamiento de datos del <a href='https://nlftp.mlit.go.jp/ksj/' target='_blank'>Servicio de descarga de información de referencia de ubicaciones</a> (MLIT).,Créé par traitement des données du <a href='https://nlftp.mlit.go.jp/ksj/' target='_blank'>service de téléchargement des informations de référence de localisation</a> (MLIT).,<a href='https://nlftp.mlit.go.jp/ksj/' target='_blank'>Location Reference Information Download Service</a> (MLIT) से डेटा संसाधित करके बनाया गया।,A(z) <a href='https://nlftp.mlit.go.jp/ksj/' target='_blank'>Location Reference Information Download Service</a> (MLIT) adataiból történő feldolgozással készült.,Dibuat dengan memproses data dari <a href='https://nlftp.mlit.go.jp/ksj/' target='_blank'>Layanan Unduh Informasi Referensi Lokasi</a> (MLIT).,「<a href='https://nlftp.mlit.go.jp/ksj/' target='_blank'>位置参照情報ダウンロードサービス</a>」（国土交通省）を加工して作成,<a href='https://nlftp.mlit.go.jp/ksj/' target='_blank'>Location Reference Information Download Service</a> (MLIT)의 데이터를 가공하여 생성.,Criado pelo processamento de dados do <a href='https://nlftp.mlit.go.jp/ksj/' target='_blank'>Location Reference Information Download Service</a> (MLIT).,Создано путём обработки данных из <a href='https://nlftp.mlit.go.jp/ksj/' target='_blank'>Location Reference Information Download Service</a> (MLIT).,基于 <a href='https://nlftp.mlit.go.jp/ksj/' target='_blank'>Location Reference Information Download Service</a>（MLIT）数据处理生成。,基於 <a href='https://nlftp.mlit.go.jp/ksj/' target='_blank'>Location Reference Information Download Service</a>（MLIT）數据處理生成。
march,مارس,März,Mar.,marzo,mars,मार्च,március,Maret,3月,3월,março,март,3月,3月
may,مايو,Mai,May,mayo,mai,मई,május,Mei,5月,5월,maio,май,5月,5月
month,الشهر,Monat,Month,mes,mois,माह,Hónap,bulan,月,월,mês,месяц,月份,月份
note,ملاحظات,Anmerkungen,Notes,notas,notes,टिप्पणियाँ,Megjegyzések,catatan,備考,비고,notas,Примечания,注释,註釋
november,نوفمبر,November,Nov.,noviembre,novembre,नवंबर,november,November,11月,11월,novembro,ноябрь,11月,11月
number_of_records,عدد السجلات,Anzahl der Nachweise,Number of records,número de citas,nombre de signalements,प्रमाण-रिकॉर्डों की संख्या,Előfordulási adatok száma,jumlah rekaman,記録数,출현 기록 수,número de ocorrências,Число находок,出现记录数,出現紀錄數
number_of_records_by_month,عدد السجلات حسب الشهر,Anzahl der Nachweise nach Monat,Number of records by Month,número de citas por mes,nombre de signalements par mois,माह के अनुसार प्रमाण-रिकॉर्डों की संख्या,Előfordulási adatok száma hónap szerint,jumlah rekaman per bulan,出現期（月別）,월별 출현 기록 수,número de ocorrências por mês,Число находок по месяцам,按月份的出现记录数,按月份的出現紀錄數
number_of_species,عدد الأنواع,Anzahl der Arten,Number of species,número de especies,nombre d’espèces,प्रजातियों की संख्या,Fajok száma,jumlah spesies,種数,종 수,número de espécies,Число видов,物种数,物種數
october,أكتوبر,Oktober,Oct.,octubre,octobre,अक्टूबर,október,Oktober,10月,10월,outubro,октябрь,10月,10月
order,الرتبة,Ordnung,Order,orden,ordre,क्रम,Rend,ordo,目,목,ordem,Отряд,目,目
original_japanese_name,الاسم الياباني في الأدبيات,Japanischer Name in der Literatur,Japanese Name in Literature,nombre japonés en la literatura,nom japonais dans la littérature,साहित्य में जापानी नाम,Japán név a szakirodalomban,nama Jepang dalam literatur,文献中の和名,문헌의 일본명,nome japonês na literatura,Японское название в литературе,文献中的日文名,文獻中的日文名
original_scientific_name,الاسم العلمي في الأدبيات,Wissenschaftlicher Name in der Literatur,Scientific Name in Literature,nombre científico en la literatura,nom scientifique dans la littérature,साहित्य में वैज्ञानिक नाम,Tudományos név a szakirodalomban,nama ilmiah dalam literatur,文献中の学名,문헌의 학명,nome científico na literatura,Научное название в литературе,文献中的学名,文獻中的學名
page,الصفحة,Seite,Page,página,page,पृष्ठ,Oldal,halaman,ページ,페이지,página,страница,页,頁
periodicity,الدورية,Periodizität,Periodicity,periodicidad,périodicité,आवर्तिता,Periodicitás,periodisitas,周期性,주기성,periodicidade,Периодичность,周期性,周期性
periodicity_years,الدورية (بالسنوات),Periodizität (Jahre),Periodicity (Years),periodicidad (años),périodicité (années),आवर्तिता (वर्ष),Periodicitás (évek),periodisitas (tahun),周期 (年),주기(년),periodicidade (anos),Периодичность (лет),周期（年）,周期（年）
population,الجماعة,Population,Population,población,population,जनसंख्या,Populáció,populasi,個体数,개체군,população,Популяция,种群,種群
prefecture,المحافظة,Präfektur,Prefecture,prefectura,préfecture,प्रिफेक्चर,Prefektúra,prefektur,都道府県,현,prefeitura (Japão),префектура,都道府县,都道府縣
prefecture_chart_title_head,حسب المحافظة:,Nach Präfektur:,By Prefecture: ,por prefectura:,par préfecture :,प्रिफेक्चर के अनुसार:,Prefektúránként:,Menurut prefektur:,各都道府県の,현별:,Por prefeitura (Japão):,По префектурам:,按都道府县：,按都道府縣：
publication_year,سنة النشر,Publikationsjahr,Publication Year,año de publicación,année de publication,प्रकाशन वर्ष,Közlés éve,tahun publikasi,出版年,출판연도,ano de publicação,Год публикации,发表年份,發表年份
ratio,النسبة,Anteil,Ratio,porcentaje,pourcentage,प्रतिशत,Arány,persentase,割合,비율,percentagem,Доля,比例,比例
record_count,عدد السجلات,Anzahl der Nachweise,Number of records,número de citas,nombre de signalements,प्रमाण-रिकॉर्डों की संख्या,Előfordulási adatok száma,jumlah rekaman,記録数,출현 기록 수,número de ocorrências,Число находок,出现记录数,出現紀錄數
record_type,نوع السجل,Nachweistyp,Record Type,tipo de cita,type de signalement,रिकॉर्ड प्रकार,Adattípus,jenis rekaman,記録の種類,기록 유형,tipo de ocorrência,Тип находки,出现记录类型,出現紀錄類型
records,السجلات,Nachweise,Records,citas,signalements,प्रमाण-रिकॉर्ड,Előfordulási adatok,rekaman,記録数,출현 기록,ocorrências,находки,出现记录,出現紀錄
reference,المرجع,Referenz,Reference,referencia,référence,संदर्भ,Hivatkozás,referensi,引用文献,참고문헌,referência,Источник,参考文献,參考文獻
reset,إعادة التعيين,Zurücksetzen,Reset,restablecer,réinitialiser,रीसेट,Visszaállítás,reset,リセット,초기화,redefinir,Сброс,重置,重置
reset_page,إعادة التعيين إلى الإعدادات الافتراضية,Auf Standard zurücksetzen,Reset to default,restablecer a valores predeterminados,réinitialiser par défaut,डिफ़ॉल्ट पर रीसेट,Alapértelmezettre visszaállítás,reset ke default,初期状態に戻す,기본값으로 초기화,redefinir para o padrão,Сбросить к значениям по умолчанию,恢复默认,恢復預設
select_family,اختر الفصيلة,Familie auswählen,Select family,seleccionar familia,sélectionner une famille,कुल चुनें,Család kiválasztása,pilih famili,科を選択,과 선택,selecionar família,Выбрать семейство,选择科,選擇科
select_genus,اختر الجنس,Gattung auswählen,Select genus,seleccionar género,sélectionner un genre,वंश चुनें,Nem kiválasztása,pilih genus,属を選択,속 선택,selecionar gênero,Выбрать род,选择属,選擇属
select_island,اختر الجزيرة,Insel auswählen,Select island,seleccionar isla,sélectionner une île,द्वीप चुनें,Sziget kiválasztása,pilih pulau,島を選択,섬 선택,selecionar ilha,Выбрать остров,选择岛屿,選擇島嶼
select_literature,اختر الأدبيات,Literatur auswählen,Select literature,seleccionar bibliografía,sélectionner une référence,साहित्य चुनें,Szakirodalom kiválasztása,pilih literatur,文献を選択,문헌 선택,selecionar literatura,Выбрать литературу,选择文献,選擇文獻
select_order,اختر الرتبة,Ordnung auswählen,Select order,seleccionar orden,sélectionner un ordre,क्रम चुनें,Rend kiválasztása,pilih ordo,目を選択,목 선택,selecionar ordem,Выбрать отряд,选择目,選擇目
select_prefecture,اختر المحافظة,Präfektur auswählen,Select prefecture,seleccionar prefectura,sélectionner une préfecture,प्रिफेक्चर चुनें,Prefektúra kiválasztása,pilih prefektur,都道府県を選択,현 선택,selecionar prefeitura (Japão),Выбрать префектуру,选择都道府县,選擇都道府縣
select_species,اختر النوع,Art auswählen,Select species,seleccionar especie,sélectionner une espèce,प्रजाति चुनें,Faj kiválasztása,pilih spesies,種を選択,종 선택,selecionar espécie,Выбрать вид,选择物种,選擇物種
september,سبتمبر,September,Sep.,septiembre,septembre,सितंबर,szeptember,September,9月,9월,setembro,сентябрь,9月,9月
show_higher_taxa,إظهار التصنيفات العليا,Höhere Taxa anzeigen,Show Higher Taxa,mostrar taxones superiores,afficher les taxons supérieurs,उच्चतर टैक्सा दिखाएँ,Magasabb taxonok megjelenítése,tampilkan taksa tingkat lebih tinggi,高次分類群を表示,상위 분류군 표시,mostrar táxons superiores,Показать высшие таксоны,显示高阶分类群,顯示高阶分類群
species,الأنواع,Arten,Species,especies,espèces,प्रजातियाँ,Fajok,spesies,種,종,espécies,виды,物种,物種
species_count,عدد الأنواع,Anzahl der Arten,Number of species,número de especies,nombre d’espèces,प्रजातियों की संख्या,Fajok száma,jumlah spesies,種数,종 수,número de espécies,Число видов,物种数,物種數
touch_hint,استخدم إصبعين لتحريك الخريطة<br><br>انقر على علامة لعرض التفاصيل,"Verwenden Sie zwei Finger, um die Karte zu verschieben<br><br>Tippen Sie auf einen Marker für Details",Use two fingers to move the map<br><br>Tap a marker for details,Use dos dedos para mover el mapa<br><br>Toque un marcador para ver detalles,Utilisez deux doigts pour déplacer la carte<br><br>Appuyez sur un marqueur pour les détails,मानचित्र को हिलाने के लिए दो उँगलियाँ उपयोग करें<br><br>विवरण हेतु किसी चिन्ह पर टैप करें,A térkép mozgatásához használjon két ujjat<br><br>Koppintson egy jelölőre a részletekért,Gunakan dua jari untuk memindahkan peta<br><br>Ketuk penanda untuk detail,2本指で地図を操作<br><br>マーカークリックで詳細表示,두 손가락으로 지도를 이동<br><br>마커를 탭하면 상세 정보 표시,Use dois dedos para mover o mapa<br><br>Toque em um marcador para detalhes,"Используйте два пальца, чтобы перемещать карту<br><br>Нажмите на маркер для подробностей",用两指移动地图<br><br>点击标记查看详情,用兩指移動地圖<br><br>點擊標記查看詳情
unknown,غير معروف,Unbekannt,Unknown,desconocido,inconnu,अज्ञात,Ismeretlen,tidak diketahui,不明,불명,desconhecido,Неизвестно,未知,未知
unpublished_data,بيانات غير منشورة,Unveröffentlichte Daten,Unpublished Data,datos no publicados,données non publiées,अप्रकाशित डेटा,Kiadatlan adatok,data yang belum dipublikasikan,未公表データ,미출판 데이터,dados não publicados,Неопубликованные данные,未发表数据,未發表數据
year_chart_record_collection,عدد السجلات والتراكمي (سنة الجمع),Anzahl der Nachweise & kumulativ (Sammeljahr),Number of Records & Cumulative (Collection Year),número de citas y acumulado (año de recolección),nombre de signalements et cumul (année de collecte),प्रमाण-रिकॉर्डों की संख्या एवं संचयी (संग्रह वर्ष),Előfordulási adatok száma és kumulatív (gyűjtési év),jumlah rekaman & kumulatif (tahun pengambilan),記録数と累積記録数（採集年）,출현 기록 수 및 누적(채집연도),número de ocorrências e cumulativo (ano de coleta),Число находок и накопительно (год сбора),出现记录数与累积（采集年份）,出現紀錄數與累積（採集年份）
year_chart_record_publication,عدد السجلات والتراكمي (سنة النشر),Anzahl der Nachweise & kumulativ (Publikationsjahr),Number of Records & Cumulative (Publication Year),número de citas y acumulado (año de publicación),nombre de signalements et cumul (année de publication),प्रमाण-रिकॉर्डों की संख्या एवं संचयी (प्रकाशन वर्ष),Előfordulási adatok száma és kumulatív (közlési év),jumlah rekaman & kumulatif (tahun publikasi),記録数と累積記録数（出版年）,출현 기록 수 및 누적(출판연도),número de ocorrências e cumulativo (ano de publicação),Число находок и накопительно (год публикации),出现记录数与累积（发表年份）,出現紀錄數與累積（發表年份）
year_chart_species_collection,عدد الأنواع والتراكمي (سنة الجمع),Anzahl der Arten & kumulativ (Sammeljahr),Number of Species & Cumulative (Collection Year),número de especies y acumulado (año de recolección),nombre d’espèces et cumul (année de collecte),प्रजातियों की संख्या एवं संचयी (संग्रह वर्ष),Fajok száma és kumulatív (gyűjtési év),jumlah spesies & kumulatif (tahun pengambilan),種数と累積種数（採集年）,종 수 및 누적(채집연도),número de espécies e cumulativo (ano de coleta),Число видов и накопительно (год сбора),物种数与累积（采集年份）,物種數與累積（採集年份）
year_chart_species_publication,عدد الأنواع والتراكمي (سنة النشر),Anzahl der Arten & kumulativ (Publikationsjahr),Number of Species & Cumulative (Publication Year),número de especies y acumulado (año de publicación),nombre d’espèces et cumul (année de publication),प्रजातियों की संख्या एवं संचयी (प्रकाशन वर्ष),Fajok száma és kumulatív (közlési év),jumlah spesies & kumulatif (tahun publikasi),種数と累積種数（出版年）,종 수 및 누적(출판연도),número de espécies e cumulativo (ano de publicação),Число видов и накопительно (год публикации),物种数与累积（发表年份）,物種數與累積（發表年份）
year_chart_y2_label_record,العدد التراكمي للسجلات,Kumulative Anzahl der Nachweise,Cumulative number of records,número acumulado de citas,nombre cumulé de signalements,प्रमाण-रिकॉर्डों की संचयी संख्या,Előfordulási adatok kumulatív száma,jumlah rekaman kumulatif,累積記録数,누적 출현 기록 수,número cumulativo de ocorrências,Накопительное число находок,累积出现记录数,累積出現紀錄數
year_chart_y2_label_species,العدد التراكمي للأنواع,Kumulative Anzahl der Arten,Cumulative number of species,número acumulado de especies,nombre cumulé d’espèces,प्रजातियों की संचयी संख्या,Fajok kumulatív száma,jumlah spesies kumulatif,累積種数,누적 종 수,número cumulativo de espécies,Накопительное число видов,累积物种数,累積物種數
year_chart_y_label_record,عدد السجلات,Anzahl der Nachweise,Number of records,número de citas,nombre de signalements,प्रमाण-रिकॉर्डों की संख्या,Előfordulási adatok száma,jumlah rekaman,記録数,출현 기록 수,número de ocorrências,Число находок,出现记录数,出現紀錄數
year_chart_y_label_species,عدد الأنواع,Anzahl der Arten,Number of species,número de especies,nombre d’espèces,प्रजातियों की संख्या,Fajok száma,jumlah spesies,種数,종 수,número de espécies,Число видов,物种数,物種數
year_type_1,الوصف الأصلي,Originalbeschreibung,Original description,descripción original,description originale,मूल वर्णन,Eredeti leírás,deskripsi asli,原記載,원기재,descrição original,Оригинальное описание,原始描述,原始描述
year_type_2,الوصف الأصلي للنوع المُرادَف,Originalbeschreibung einer synonymisierten Art,Original description of synonymized species,descripción original de una especie sinonimizada,description originale d’une espèce synonymisée,समरूपीकरण (synonymized) की गई प्रजाति का मूल वर्णन,Szinonimizált faj eredeti leírása,deskripsi asli dari spesies yang disinonimkan,統合された種の原記載,동의어화된 종의 원기재,descrição original de espécie sinonimizada,Оригинальное описание синонимизированного вида,同物异名化物种的原始描述,同物异名化物種的原始描述
year_type_3,نمط مشكوك فيه,Zweifelhafte Typuslokalität,Doubtful type,localidad tipo dudosa,localité-type douteuse,संदिग्ध टाइप,Kétséges típusterület,tipe yang meragukan,疑わしいタイプ,의심 모식산지,tipo duvidoso,Сомнительная типовая местность,存疑模式,存疑模式
year_type_4,نمط مشكوك فيه ونمط مُرادَف,Zweifelhafte Typuslokalität einer synonymisierten Art,Doubtful & Synonymized type,localidad tipo dudosa de una especie sinonimizada,localité-type douteuse et synonymisée,संदिग्ध एवं समरूपीकरण (synonymized) टाइप,Kétséges és szinonimizált típusterület,tipe yang meragukan & disinonimkan,疑わしい統合された種のタイプ,의심 및 동의어화된 모식산지,tipo duvidoso e sinonimizado,Сомнительная и синонимизированная типовая местность,存疑与同物异名化模式,存疑與同物异名化模式
year_type_5,سجل عيّنة,Belegexemplar-Nachweis,Specimen record,cita de espécimen,signalement basé sur un spécimen,नमूना-आधारित रिकॉर्ड,Példányalapú előfordulási adat,rekaman berbasis spesimen,標本記録,표본 기반 출현 기록,ocorrência baseada em espécime,Находка по экземпляру,标本出现记录,標本出現紀錄
year_type_6,سجل من الأدبيات,Literaturnachweis,Literature record,cita bibliográfica,signalement bibliographique,साहित्य-प्रमाण-रिकॉर्ड,Irodalmi adat,rekaman literatur,文献記録,문헌 출현 기록,ocorrência bibliográfica,Литературная находка,文献出现记录,文獻出現紀錄
year_type_7,سجل من الأدبيات (مشكوك فيه),Zweifelhafter Literaturnachweis,Doubtful literature record,cita bibliográfica dudosa,signalement bibliographique douteux,संदिग्ध साहित्य-प्रमाण-रिकॉर्ड,Kétséges irodalmi adat,rekaman literatur yang meragukan,疑わしい文献記録,의심 문헌 출현 기록,ocorrência bibliográfica duvidosa,Сомнительная литературная находка,存疑文献出现记录,存疑文獻出現紀錄
box_select,تحديد النطاق,Bereich auswählen,Select area,Seleccionar área,Sélection de zone,क्षेत्र चयन,Terület kijelölése,Pilih area,範囲選択,범위 선택,Selecionar área,Выбрать область,范围选择,範圍選擇
box_clear,إلغاء النطاق,Bereich aufheben,Clear area,Borrar área,Effacer la zone,क्षेत्र हटाएँ,Terület törlése,Hapus area,範囲解除,범위 해제,Limpar área,Сбросить область,解除范围,解除範圍
monthly_occurrence,فترة الظهور,Auftretenszeit,Occurrence period,Período de aparición,Période d’occurrence,प्रकट होने की अवधि,Előfordulási időszak,Periode kemunculan,出現期,출현기,Período de ocorrência,Период встречаемости,出现期,出現期
